{
	"pages": [ //pages数组中第一项表示应用启动页,
		{
			"path": "pages/main/main",
			"style": {
				"navigationBarTitleText": "首页"
			}
		}, {
			"path": "pages/login/login",
			"style": {
				"navigationBarTitleText": "登录"
			}
		}, {
			"path": "pages/reg/reg",
			"style": {
				"navigationBarTitleText": "注册"
			}
		}, {
			"path": "pages/pwd/pwd",
			"style": {
				"navigationBarTitleText": "找回密码"
			}
		}, {
			"path": "pages/user/user",
			"style": {
				"navigationBarTitleText": "我的"
			}
		}, {
			"path": "pages/search/search",
			"style": {
				"navigationBarTitleText": "搜索"
			}
		}, {
			"path": "pages/food-type/food-type",
			"style": {
				"navigationBarTitleText": "菜谱分类"
			}
		}, {
			"path": "pages/food-materials/food-materials",
			"style": {
				"navigationBarTitleText": "食材分类"
			}
		}, {
			"path": "pages/three-food/three-food",
			"style": {
				"navigationBarTitleText": "一日三餐",
				"enablePullDownRefresh": true
			}
		}, {
			"path": "pages/food-detail/food-detail",
			"style": {
				"navigationBarTitleText": "菜谱分类"
			}
		}, {
			"path": "pages/detail-page/detail-page",
			"style": {
				"navigationBarTitleText": "详细步骤"
			}
		}, {
			"path": "pages/my-food/my-food",
			"style": {
				"navigationBarTitleText": "我的收藏"
			}
		}, {
			"path": "pages/upload-food/upload-food",
			"style": {
				"navigationBarTitleText": "上传菜谱"
			}
		}, {
			"path": "pages/my-upload/my-upload",
			"style": {
				"navigationBarTitleText": "我的上传"
			}
		}
	],
	"tabBar": {
		"color": "#181818",
		"selectedColor": "#87CFB5",
		"backgroundColor": "#ffffff",
		"list": [{
			"pagePath": "pages/main/main",
			"text": "首页",
			"iconPath": "static/tabbar/home.png",
			"selectedIconPath": "static/tabbar/home-act.png"
		}, {
			"pagePath": "pages/food-type/food-type",
			"text": "分类",
			"iconPath": "static/tabbar/app.png",
			"selectedIconPath": "static/tabbar/app-act.png"
		}, {
			"pagePath": "pages/food-materials/food-materials",
			"text": "食材",
			"iconPath": "static/tabbar/doc.png",
			"selectedIconPath": "static/tabbar/doc-act.png"
		}, {
			"pagePath": "pages/user/user",
			"text": "我的",
			"iconPath": "static/tabbar/user.png",
			"selectedIconPath": "static/tabbar/user-act.png"
		}]
	},
	"globalStyle": {
		"navigationBarTextStyle": "white",
		"navigationBarBackgroundColor": "#87CFB5",
		"backgroundColor": "#87CFB5"
	}
}
